{"history":{"symbol":"AAPL","response":[{"meta":{"currency":"USD","symbol":"AAPL","exchangeName":"NMS","instrumentType":"EQUITY","firstTradeDate":345479400,"regularMarketTime":1611677283,"gmtoffset":-18000,"timezone":"EST","exchangeTimezoneName":"America\/New_York","regularMarketPrice":142.85,"chartPreviousClose":79.577,"priceHint":2,"currentTradingPeriod":{"pre":{"timezone":"EST","start":1611651600,"end":1611671400,"gmtoffset":-18000},"regular":{"timezone":"EST","start":1611671400,"end":1611694800,"gmtoffset":-18000},"post":{"timezone":"EST","start":1611694800,"end":1611709200,"gmtoffset":-18000}},"dataGranularity":"1mo","range":"1y","validRanges":["1d","5d","1mo","3mo","6mo","1y","2y","5y","10y","ytd","max"]},"timestamp":[1580533200,1583038800,1585713600,1588305600,1590984000,1593576000,1596254400,1598932800,1601524800,1604203200,1606798800,1609477200,1611677283],"indicators":{"quote":[{"close":[68.34,63.572,73.45,79.485,91.2,106.26,129.04,115.81,108.86,119.05,132.69,142.92,142.85]}]}}]},"virtual":{"symbol":"AAPL","name":"Apple Inc.","lastUpdated":1611677074}}