{"quote":{"language":"en-US","region":"US","quoteType":"EQUITY","quoteSourceName":"Nasdaq Real Time Price","triggerable":true,"currency":"USD","marketState":"REGULAR","exchange":"NMS","shortName":"Apple Inc.","exchangeTimezoneName":"America\/New_York","exchangeTimezoneShortName":"EST","gmtOffSetMilliseconds":-18000000,"market":"us_market","esgPopulated":false,"fiftyTwoWeekHighChangePercent":-0.0154386265,"fiftyTwoWeekLow":53.1525,"fiftyTwoWeekHigh":145.09,"sourceInterval":15,"exchangeDataDelayedBy":0,"tradeable":false,"firstTradeDateMilliseconds":345479400000,"priceHint":2,"regularMarketChange":-0.069992065,"regularMarketChangePercent":-0.048972897,"regularMarketTime":1611677283,"regularMarketPrice":142.85,"regularMarketDayHigh":144.3,"regularMarketDayRange":"141.37 - 144.3","regularMarketDayLow":141.37,"regularMarketVolume":40048560,"regularMarketPreviousClose":142.92,"bid":142.66,"ask":142.69,"fullExchangeName":"NasdaqGS","regularMarketOpen":143.6,"averageDailyVolume3Month":109863603,"fiftyTwoWeekLowChange":89.69751,"fiftyTwoWeekLowChangePercent":1.6875502,"fiftyTwoWeekRange":"53.1525 - 145.09","fiftyTwoWeekHighChange":-2.2399902,"symbol":"AAPL"},"virtual":{"symbol":"AAPL","name":"Apple Inc.","lastUpdated":1611677075}}