{"quote":{"language":"en-US","region":"US","quoteType":"EQUITY","quoteSourceName":"Nasdaq Real Time Price","triggerable":true,"currency":"USD","marketState":"REGULAR","exchange":"NYQ","shortName":"Credit Suisse Group","exchangeTimezoneName":"America\/New_York","exchangeTimezoneShortName":"EST","gmtOffSetMilliseconds":-18000000,"market":"us_market","esgPopulated":false,"fiftyTwoWeekHighChangePercent":-0.046577264,"fiftyTwoWeekLow":6.47,"fiftyTwoWeekHigh":14.17,"sourceInterval":15,"exchangeDataDelayedBy":0,"tradeable":false,"firstTradeDateMilliseconds":800631000000,"priceHint":2,"regularMarketChange":-0.05000019,"regularMarketChangePercent":-0.36873296,"regularMarketTime":1611677079,"regularMarketPrice":13.51,"regularMarketDayHigh":13.57,"regularMarketDayRange":"13.49 - 13.57","regularMarketDayLow":13.49,"regularMarketVolume":856186,"regularMarketPreviousClose":13.56,"bid":13.53,"ask":13.54,"fullExchangeName":"NYSE","regularMarketOpen":13.54,"averageDailyVolume3Month":2348901,"fiftyTwoWeekLowChange":7.0400004,"fiftyTwoWeekLowChangePercent":1.088099,"fiftyTwoWeekRange":"6.47 - 14.17","fiftyTwoWeekHighChange":-0.65999985,"symbol":"CS"},"virtual":{"symbol":"CS","name":"Credit Suisse Group","lastUpdated":1611677075}}