{"summaryDetail":{"maxAge":1,"priceHint":2,"previousClose":13.56,"open":13.54,"dayLow":13.49,"dayHigh":13.57,"regularMarketPreviousClose":13.56,"regularMarketOpen":13.54,"regularMarketDayLow":13.49,"regularMarketDayHigh":13.57,"dividendRate":0.31,"dividendYield":0.023,"exDividendDate":1606953600,"payoutRatio":0.0908,"fiveYearAvgDividendYield":3.31,"beta":1.732379,"forwardPE":8.605096,"volume":856186,"regularMarketVolume":856186,"averageVolume":2348901,"averageVolume10days":1654360,"averageDailyVolume10Day":1654360,"bid":13.53,"ask":13.54,"bidSize":27000,"askSize":4000,"marketCap":32697307136,"fiftyTwoWeekLow":6.47,"fiftyTwoWeekHigh":14.17,"fiftyDayAverage":13.155151,"twoHundredDayAverage":11.464307,"trailingAnnualDividendRate":0.252,"trailingAnnualDividendYield":0.01858407,"currency":"USD","fromCurrency":null,"toCurrency":null,"lastMarket":null,"algorithm":null,"tradeable":false},"defaultKeyStatistics":{"maxAge":1,"priceHint":2,"enterpriseValue":32839464960,"profitMargins":0.17408001,"floatShares":2153673182,"sharesOutstanding":2441600000,"sharesShort":3331854,"sharesShortPriorMonth":3710766,"sharesShortPreviousMonthDate":1606694400,"dateShortInterest":1609372800,"sharesPercentSharesOut":0.0014,"heldPercentInsiders":0,"heldPercentInstitutions":0.02183,"shortRatio":1.89,"beta":1.732379,"category":null,"bookValue":16.894,"priceToBook":0.7996923,"fundFamily":null,"legalType":null,"lastFiscalYearEnd":1577750400,"nextFiscalYearEnd":1640908800,"mostRecentQuarter":1601424000,"earningsQuarterlyGrowth":-0.38,"trailingEps":-0.141,"forwardEps":1.57,"lastSplitFactor":"1024:1000","lastSplitDate":1367366400,"52WeekChange":0.04227519,"SandP52WeekChange":0.17676365,"lastDividendValue":0.152,"lastDividendDate":1606953600},"summaryProfile":{"address1":"Paradeplatz 8","city":"Zurich","zip":"8001","country":"Switzerland","phone":"41 44 333 11 11","website":"http:\/\/www.credit-suisse.com","industry":"Banks\u2014Diversified","sector":"Financial Services","longBusinessSummary":"Credit Suisse Group AG, through its subsidiaries, provides various financial services in Switzerland, Europe, the Middle East, Africa, the Americas, and Asia Pacific. The company offers private banking and wealth management solutions, including advisory, investment, financial planning, succession planning, and trust services; and financing and lending, and multi-shore platform solutions. It also provides traditional and structured lending, payment, foreign exchange, capital goods leasing, merger and acquisition, syndication, structured finance, commodity trade finance, trade finance, structured trade finance, export finance, factoring, fund management and administration, fund design, custody, ship and aviation finance, securities, cash, and treasury services. In addition, the company offers asset management products; equity and debt underwriting, and advisory services; cash equities, equity derivatives, and convertibles, as well as prime services; and fixed income products, such as credit, securitized, macro, emerging markets, financing, structured credit, and other products. Further, it provides HOLT, a framework for assessing the performance of approximately 20,000 companies; and equity and fixed income research services. The company serves private and institutional clients; ultra-high-net-worth individuals, high-net-worth individuals, and affluent and retail clients; corporate clients, small and medium-sized enterprises, external asset managers, financial institutions, and commodity traders; and pension funds, governments, foundations and endowments, corporations, entrepreneurs, private individuals, financial sponsors, and sovereign clients. As of December 31, 2019, it operated through a network of 344 offices and branches. The company was founded in 1856 and is based in Zurich, Switzerland.","fullTimeEmployees":48800,"companyOfficers":[],"maxAge":86400},"financialData":{"maxAge":86400,"currentPrice":13.51,"targetHighPrice":14.63,"targetLowPrice":14.63,"targetMeanPrice":14.63,"targetMedianPrice":14.63,"recommendationMean":2,"recommendationKey":"buy","numberOfAnalystOpinions":1,"returnOnAssets":0.00478,"returnOnEquity":0.084750004,"grossProfits":22160000000,"earningsGrowth":-0.353,"revenueGrowth":-0.029,"grossMargins":0,"ebitdaMargins":0,"operatingMargins":0,"profitMargins":0.17408001,"financialCurrency":"CHF"},"virtual":{"symbol":"CS","name":"Credit Suisse Group AG","lastUpdated":1611677077}}