{"quote":{"language":"en-US","region":"US","quoteType":"EQUITY","quoteSourceName":"Nasdaq Real Time Price","triggerable":true,"currency":"USD","marketState":"REGULAR","exchange":"NYQ","shortName":"Deutsche Bank AG","exchangeTimezoneName":"America\/New_York","exchangeTimezoneShortName":"EST","gmtOffSetMilliseconds":-18000000,"market":"us_market","esgPopulated":false,"fiftyTwoWeekHighChangePercent":-0.12263373,"fiftyTwoWeekLow":4.99,"fiftyTwoWeekHigh":12.15,"sourceInterval":15,"exchangeDataDelayedBy":0,"tradeable":false,"firstTradeDateMilliseconds":848327400000,"priceHint":2,"regularMarketChange":0.15999985,"regularMarketChangePercent":1.5238081,"regularMarketTime":1611677278,"regularMarketPrice":10.66,"regularMarketDayHigh":10.735,"regularMarketDayRange":"10.63 - 10.735","regularMarketDayLow":10.63,"regularMarketVolume":1144210,"regularMarketPreviousClose":10.5,"bid":10.69,"ask":10.7,"fullExchangeName":"NYSE","regularMarketOpen":10.71,"averageDailyVolume3Month":3625187,"fiftyTwoWeekLowChange":5.67,"fiftyTwoWeekLowChangePercent":1.1362727,"fiftyTwoWeekRange":"4.99 - 12.15","fiftyTwoWeekHighChange":-1.4899998,"symbol":"DB"},"virtual":{"symbol":"DB","name":"Deutsche Bank AG","lastUpdated":1611677075}}