{"summaryDetail":{"maxAge":1,"priceHint":2,"previousClose":10.5,"open":10.71,"dayLow":10.63,"dayHigh":10.735,"regularMarketPreviousClose":10.5,"regularMarketOpen":10.71,"regularMarketDayLow":10.63,"regularMarketDayHigh":10.735,"exDividendDate":1495152000,"payoutRatio":0,"beta":1.409601,"forwardPE":16.920635,"volume":1144210,"regularMarketVolume":1144210,"averageVolume":3625187,"averageVolume10days":2962920,"averageDailyVolume10Day":2962920,"bid":10.69,"ask":10.7,"bidSize":1300,"askSize":28000,"marketCap":21954375680,"fiftyTwoWeekLow":4.99,"fiftyTwoWeekHigh":12.15,"fiftyDayAverage":11.147273,"twoHundredDayAverage":10.006496,"trailingAnnualDividendRate":0.128,"trailingAnnualDividendYield":0.012190477,"currency":"USD","fromCurrency":null,"toCurrency":null,"lastMarket":null,"algorithm":null,"tradeable":false},"defaultKeyStatistics":{"maxAge":1,"priceHint":2,"enterpriseValue":21677250560,"forwardPE":16.920635,"profitMargins":-0.056199998,"floatShares":2044226610,"sharesOutstanding":2064470016,"sharesShort":30940989,"sharesShortPriorMonth":45509849,"sharesShortPreviousMonthDate":1606694400,"dateShortInterest":1609372800,"sharesPercentSharesOut":0.015,"heldPercentInsiders":0.07043,"heldPercentInstitutions":0.36738998,"shortRatio":11.85,"shortPercentOfFloat":0.0150999995,"beta":1.409601,"category":null,"bookValue":37.942,"priceToBook":0.28095514,"fundFamily":null,"legalType":null,"lastFiscalYearEnd":1577750400,"nextFiscalYearEnd":1640908800,"mostRecentQuarter":1601424000,"trailingEps":-1.123,"forwardEps":0.63,"pegRatio":-47.83,"lastSplitFactor":"1048:1000","lastSplitDate":1402012800,"52WeekChange":0.21107268,"SandP52WeekChange":0.17676365,"lastDividendValue":0.123,"lastDividendDate":1558656000},"summaryProfile":{"address1":"Taunusanlage 12","city":"Frankfurt am Main","zip":"60325","country":"Germany","phone":"49 69 910 00","fax":"49 69 910 34 225","website":"http:\/\/www.db.com","industry":"Banks\u2014Regional","sector":"Financial Services","longBusinessSummary":"Deutsche Bank Aktiengesellschaft provides investment, financial, and related products and services to private individuals, corporate entities, and institutional clients worldwide. Its Corporate Bank segment provides cash management, trade finance and lending, trust and agency, and securities services. The Company's Investment Bank segment offers merger and acquisitions, and equity advisory services. This segment also focuses on financing, advisory, fixed income, and currencies. Its Private Bank segment provides payment and account services, credit, and deposit products, as well as investment advice and selected digital services. This segment also provides wealth management, and postal and parcel services. The Company's Asset Management segment provides investment solutions, such as alternative investments, which include real estate, infrastructure, private equity, liquid real assets, and sustainable investments; passive investments; and various services, including insurance and pension solutions, asset liability management, portfolio management solutions, asset allocation advisory, structuring, and overlay to institutions, governments, corporations and foundations, and individual investors. As of December 31, 2019, it operated 1,931 branches in Germany and internationally. Deutsche Bank Aktiengesellschaft has collaboration with Google on joint development of cloud services. The company was founded in 1870 and is headquartered in Frankfurt am Main, Germany.","fullTimeEmployees":86984,"companyOfficers":[],"maxAge":86400},"financialData":{"maxAge":86400,"currentPrice":10.66,"targetHighPrice":9.48,"targetLowPrice":9.48,"targetMeanPrice":9.48,"targetMedianPrice":9.48,"recommendationKey":"none","numberOfAnalystOpinions":1,"returnOnAssets":-0.00075,"returnOnEquity":-0.01714,"grossProfits":22439000000,"revenueGrowth":0.102,"grossMargins":0,"ebitdaMargins":0,"operatingMargins":0,"profitMargins":-0.056199998,"financialCurrency":"EUR"},"virtual":{"symbol":"DB","name":"Deutsche Bank Aktiengesellschaft","lastUpdated":1611677078}}