{"history":{"symbol":"EBAY","response":[{"meta":{"currency":"USD","symbol":"EBAY","exchangeName":"NMS","instrumentType":"EQUITY","firstTradeDate":906643800,"regularMarketTime":1611677281,"gmtoffset":-18000,"timezone":"EST","exchangeTimezoneName":"America\/New_York","regularMarketPrice":58.16,"chartPreviousClose":35.36,"priceHint":2,"currentTradingPeriod":{"pre":{"timezone":"EST","start":1611651600,"end":1611671400,"gmtoffset":-18000},"regular":{"timezone":"EST","start":1611671400,"end":1611694800,"gmtoffset":-18000},"post":{"timezone":"EST","start":1611694800,"end":1611709200,"gmtoffset":-18000}},"dataGranularity":"1mo","range":"1y","validRanges":["1d","5d","1mo","3mo","6mo","1y","2y","5y","10y","ytd","max"]},"timestamp":[1580533200,1583038800,1585713600,1588305600,1590984000,1593576000,1596254400,1598932800,1601524800,1604203200,1606798800,1609477200,1611677281],"indicators":{"quote":[{"close":[34.64,30.06,39.83,45.54,52.45,55.28,54.78,52.1,47.63,50.43,50.25,57.25,58.16]}]}}]},"virtual":{"symbol":"EBAY","name":"eBay Inc.","lastUpdated":1611677074}}