{"summaryDetail":{"maxAge":1,"priceHint":2,"previousClose":57.25,"open":57.09,"dayLow":56.97,"dayHigh":58.13,"regularMarketPreviousClose":57.25,"regularMarketOpen":57.09,"regularMarketDayLow":56.97,"regularMarketDayHigh":58.13,"dividendRate":0.64,"dividendYield":0.0113,"exDividendDate":1606694400,"payoutRatio":0.18620001,"beta":1.235294,"trailingPE":8.066574,"forwardPE":15.718919,"volume":1713973,"regularMarketVolume":1713973,"averageVolume":8713787,"averageVolume10days":6428100,"averageDailyVolume10Day":6428100,"bid":57.84,"ask":57.87,"bidSize":1200,"askSize":900,"marketCap":40091955200,"fiftyTwoWeekLow":26.02,"fiftyTwoWeekHigh":61.06,"priceToSalesTrailing12Months":3.3967597,"fiftyDayAverage":52.721817,"twoHundredDayAverage":53.13394,"trailingAnnualDividendRate":0.62,"trailingAnnualDividendYield":0.010829695,"currency":"USD","fromCurrency":null,"toCurrency":null,"lastMarket":null,"algorithm":null,"tradeable":false},"defaultKeyStatistics":{"maxAge":1,"priceHint":2,"enterpriseValue":43398053888,"forwardPE":15.718919,"profitMargins":0.45564997,"floatShares":663708923,"sharesOutstanding":699881024,"sharesShort":25020340,"sharesShortPriorMonth":23555894,"sharesShortPreviousMonthDate":1606694400,"dateShortInterest":1609372800,"sharesPercentSharesOut":0.0363,"heldPercentInsiders":0.03665,"heldPercentInstitutions":0.94515,"shortRatio":3.71,"shortPercentOfFloat":0.0382,"beta":1.235294,"category":null,"bookValue":4.238,"priceToBook":13.723454,"fundFamily":null,"legalType":null,"lastFiscalYearEnd":1577750400,"nextFiscalYearEnd":1640908800,"mostRecentQuarter":1601424000,"earningsQuarterlyGrowth":1.142,"netIncomeToCommon":2505999872,"trailingEps":7.21,"forwardEps":3.7,"pegRatio":0.93,"lastSplitFactor":"2376:1000","lastSplitDate":1437350400,"enterpriseToRevenue":3.677,"enterpriseToEbitda":11.748,"52WeekChange":0.58105505,"SandP52WeekChange":0.17676365,"lastDividendValue":0.16,"lastDividendDate":1606694400},"summaryProfile":{"address1":"2025 Hamilton Avenue","city":"San Jose","state":"CA","zip":"95125","country":"United States","phone":"408-376-7008","website":"http:\/\/www.ebayinc.com","industry":"Internet Retail","sector":"Consumer Cyclical","longBusinessSummary":"eBay Inc. operates the marketplace and classifieds platforms that connect buyers and sellers worldwide. Its Marketplace platform includes its online marketplace at ebay.com and the eBay suite of mobile apps; and Classifieds platform comprises a collection of brands, such as Mobile.de, Kijiji, Gumtree, Marktplaats, eBay Kleinanzeigen, and others that offer online classifieds to help people find what they are looking for in their local communities. Its platforms enable users to list, buy, sell, and pay for items through various online, mobile, and offline channels that include retailers, distributors, liquidators, import and export companies, auctioneers, catalog and mail-order companies, classifieds, directories, search engines, commerce participants, shopping channels, and networks. The company was founded in 1995 and is headquartered in San Jose, California.","fullTimeEmployees":13300,"companyOfficers":[],"maxAge":86400},"financialData":{"maxAge":86400,"currentPrice":58.16,"targetHighPrice":82,"targetLowPrice":49,"targetMeanPrice":62.71,"targetMedianPrice":61.5,"recommendationMean":2.4,"recommendationKey":"buy","numberOfAnalystOpinions":28,"totalCash":3660000000,"totalCashPerShare":5.309,"ebitda":3694000128,"totalDebt":8137999872,"quickRatio":1.077,"currentRatio":1.755,"totalRevenue":11802999808,"debtToEquity":278.699,"revenuePerShare":15.961,"returnOnAssets":0.10152,"returnOnEquity":0.80969,"grossProfits":8292000000,"freeCashflow":2251749888,"operatingCashflow":2472000000,"earningsGrowth":1.546,"revenueGrowth":0.251,"grossMargins":0.77472,"ebitdaMargins":0.31297,"operatingMargins":0.25553,"profitMargins":0.45564997,"financialCurrency":"USD"},"virtual":{"symbol":"EBAY","name":"eBay Inc.","lastUpdated":1611677076}}