{"quote":{"language":"en-US","region":"US","quoteType":"EQUITY","quoteSourceName":"Nasdaq Real Time Price","triggerable":true,"currency":"USD","marketState":"REGULAR","exchange":"NMS","shortName":"eBay Inc.","exchangeTimezoneName":"America\/New_York","exchangeTimezoneShortName":"EST","gmtOffSetMilliseconds":-18000000,"market":"us_market","esgPopulated":false,"fiftyTwoWeekHighChangePercent":-0.047494292,"fiftyTwoWeekLow":26.02,"fiftyTwoWeekHigh":61.06,"sourceInterval":15,"exchangeDataDelayedBy":0,"tradeable":false,"firstTradeDateMilliseconds":906643800000,"priceHint":2,"regularMarketChange":0.90999985,"regularMarketChangePercent":1.5895194,"regularMarketTime":1611677281,"regularMarketPrice":58.16,"regularMarketDayHigh":58.13,"regularMarketDayRange":"56.97 - 58.13","regularMarketDayLow":56.97,"regularMarketVolume":1713973,"regularMarketPreviousClose":57.25,"bid":57.84,"ask":57.87,"fullExchangeName":"NasdaqGS","regularMarketOpen":57.09,"averageDailyVolume3Month":8713787,"fiftyTwoWeekLowChange":32.14,"fiftyTwoWeekLowChangePercent":1.2352036,"fiftyTwoWeekRange":"26.02 - 61.06","fiftyTwoWeekHighChange":-2.9000015,"symbol":"EBAY"},"virtual":{"symbol":"EBAY","name":"eBay Inc.","lastUpdated":1611677075}}