{"quote":{"language":"en-US","region":"US","quoteType":"EQUITY","quoteSourceName":"Nasdaq Real Time Price","triggerable":true,"currency":"USD","marketState":"REGULAR","exchange":"NMS","shortName":"Facebook, Inc.","exchangeTimezoneName":"America\/New_York","exchangeTimezoneShortName":"EST","gmtOffSetMilliseconds":-18000000,"market":"us_market","esgPopulated":false,"fiftyTwoWeekHighChangePercent":-0.068952374,"fiftyTwoWeekLow":137.1,"fiftyTwoWeekHigh":304.67,"sourceInterval":15,"exchangeDataDelayedBy":0,"tradeable":false,"firstTradeDateMilliseconds":1337347800000,"priceHint":2,"regularMarketChange":5.6522827,"regularMarketChangePercent":2.033122,"regularMarketTime":1611677282,"regularMarketPrice":283.6623,"regularMarketDayHigh":285.39,"regularMarketDayRange":"277.81 - 285.39","regularMarketDayLow":277.81,"regularMarketVolume":7946981,"regularMarketPreviousClose":278.01,"bid":285,"ask":284.9,"fullExchangeName":"NasdaqGS","regularMarketOpen":278.14,"averageDailyVolume3Month":19207314,"fiftyTwoWeekLowChange":146.56229,"fiftyTwoWeekLowChangePercent":1.0690174,"fiftyTwoWeekRange":"137.1 - 304.67","fiftyTwoWeekHighChange":-21.00772,"symbol":"FB"},"virtual":{"symbol":"FB","name":"Facebook, Inc.","lastUpdated":1611677075}}