{"summaryDetail":{"maxAge":1,"priceHint":2,"previousClose":278.01,"open":278.14,"dayLow":277.81,"dayHigh":285.39,"regularMarketPreviousClose":278.01,"regularMarketOpen":278.14,"regularMarketDayLow":277.81,"regularMarketDayHigh":285.39,"payoutRatio":0,"beta":1.182773,"trailingPE":32.31514,"forwardPE":26.912931,"volume":7946981,"regularMarketVolume":7946981,"averageVolume":19207314,"averageVolume10days":23015660,"averageDailyVolume10Day":23015660,"bid":285,"ask":284.9,"bidSize":1000,"askSize":1000,"marketCap":807952515072,"fiftyTwoWeekLow":137.1,"fiftyTwoWeekHigh":304.67,"priceToSalesTrailing12Months":10.230484,"fiftyDayAverage":269.64,"twoHundredDayAverage":266.85846,"currency":"USD","fromCurrency":null,"toCurrency":null,"lastMarket":null,"algorithm":null,"tradeable":false},"defaultKeyStatistics":{"maxAge":1,"priceHint":2,"enterpriseValue":747377852416,"forwardPE":26.912931,"profitMargins":0.32005,"floatShares":2392081634,"sharesOutstanding":2403970048,"sharesShort":23421272,"sharesShortPriorMonth":23506431,"sharesShortPreviousMonthDate":1606694400,"dateShortInterest":1609372800,"sharesPercentSharesOut":0.0082,"heldPercentInsiders":0.00632,"heldPercentInstitutions":0.79766,"shortRatio":1.42,"shortPercentOfFloat":0.0098,"beta":1.182773,"impliedSharesOutstanding":2848290048,"category":null,"bookValue":41.309,"priceToBook":6.8668404,"fundFamily":null,"legalType":null,"lastFiscalYearEnd":1577750400,"nextFiscalYearEnd":1640908800,"mostRecentQuarter":1601424000,"earningsQuarterlyGrowth":0.288,"netIncomeToCommon":25276000256,"trailingEps":8.778,"forwardEps":10.54,"pegRatio":1.72,"lastSplitFactor":null,"enterpriseToRevenue":9.463,"enterpriseToEbitda":24.73,"52WeekChange":0.276505,"SandP52WeekChange":0.17676365},"summaryProfile":{"address1":"1601 Willow Road","city":"Menlo Park","state":"CA","zip":"94025","country":"United States","phone":"650-543-4800","website":"http:\/\/investor.fb.com","industry":"Internet Content & Information","sector":"Communication Services","longBusinessSummary":"Facebook, Inc. develops products that enable people to connect and share with friends and family through mobile devices, personal computers, virtual reality headsets, and in-home devices worldwide. The company's products include Facebook that enables people to connect, share, discover, and communicate with each other on mobile devices and personal computers; Instagram, a community for sharing photos, videos, and private messages; Messenger, a messaging application for people to connect with friends, family, groups, and businesses across platforms and devices; and WhatsApp, a messaging application that is used by people and businesses to communicate in a private way. It also provides Oculus, a hardware, software, and developer ecosystem, which allows people to come together and connect with each other through its Oculus virtual reality products. Facebook, Inc. was founded in 2004 and is headquartered in Menlo Park, California.","fullTimeEmployees":56653,"companyOfficers":[],"maxAge":86400},"financialData":{"maxAge":86400,"currentPrice":283.6623,"targetHighPrice":397,"targetLowPrice":195,"targetMeanPrice":324.96,"targetMedianPrice":329,"recommendationMean":1.8,"recommendationKey":"buy","numberOfAnalystOpinions":46,"totalCash":55620001792,"totalCashPerShare":19.527,"ebitda":30221000704,"totalDebt":11143999488,"quickRatio":5.329,"currentRatio":5.509,"totalRevenue":78975000576,"debtToEquity":9.466,"revenuePerShare":27.708,"returnOnAssets":0.10963,"returnOnEquity":0.23876,"grossProfits":57927000000,"freeCashflow":10736749568,"operatingCashflow":33789999104,"earningsGrowth":0.278,"revenueGrowth":0.216,"grossMargins":0.81041,"ebitdaMargins":0.38267,"operatingMargins":0.30078,"profitMargins":0.32005,"financialCurrency":"USD"},"virtual":{"symbol":"FB","name":"Facebook, Inc.","lastUpdated":1611677077}}