{"quote":{"language":"en-US","region":"US","quoteType":"EQUITY","quoteSourceName":"Nasdaq Real Time Price","triggerable":true,"currency":"USD","marketState":"REGULAR","exchange":"NYQ","shortName":"General Electric Company","exchangeTimezoneName":"America\/New_York","exchangeTimezoneShortName":"EST","gmtOffSetMilliseconds":-18000000,"market":"us_market","esgPopulated":false,"fiftyTwoWeekHighChangePercent":-0.13269234,"fiftyTwoWeekLow":5.48,"fiftyTwoWeekHigh":13.26,"sourceInterval":15,"exchangeDataDelayedBy":0,"tradeable":false,"firstTradeDateMilliseconds":-252322200000,"priceHint":2,"regularMarketChange":0.51049995,"regularMarketChangePercent":4.6451316,"regularMarketTime":1611677281,"regularMarketPrice":11.5005,"regularMarketDayHigh":12.23,"regularMarketDayRange":"11.495 - 12.23","regularMarketDayLow":11.495,"regularMarketVolume":106651201,"regularMarketPreviousClose":10.99,"bid":11.63,"ask":11.64,"fullExchangeName":"NYSE","regularMarketOpen":12.03,"averageDailyVolume3Month":93954467,"fiftyTwoWeekLowChange":6.0204997,"fiftyTwoWeekLowChangePercent":1.0986314,"fiftyTwoWeekRange":"5.48 - 13.26","fiftyTwoWeekHighChange":-1.7595005,"symbol":"GE"},"virtual":{"symbol":"GE","name":"General Electric Company","lastUpdated":1611677075}}