{"summaryDetail":{"maxAge":1,"priceHint":2,"previousClose":10.99,"open":12.03,"dayLow":11.495,"dayHigh":12.23,"regularMarketPreviousClose":10.99,"regularMarketOpen":12.03,"regularMarketDayLow":11.495,"regularMarketDayHigh":12.23,"dividendRate":0.04,"dividendYield":0.0036000002,"exDividendDate":1608249600,"payoutRatio":0.1026,"fiveYearAvgDividendYield":2.82,"beta":1.074054,"trailingPE":32.671875,"forwardPE":30.264473,"volume":106651201,"regularMarketVolume":106651201,"averageVolume":93954467,"averageVolume10days":66598500,"averageDailyVolume10Day":66598500,"bid":11.63,"ask":11.64,"bidSize":3000,"askSize":2900,"marketCap":100742889472,"fiftyTwoWeekLow":5.48,"fiftyTwoWeekHigh":13.26,"priceToSalesTrailing12Months":1.200349,"fiftyDayAverage":11.0557575,"twoHundredDayAverage":8.182408,"trailingAnnualDividendRate":0.04,"trailingAnnualDividendYield":0.0036396724,"currency":"USD","fromCurrency":null,"toCurrency":null,"lastMarket":null,"algorithm":null,"tradeable":false},"defaultKeyStatistics":{"maxAge":1,"priceHint":2,"enterpriseValue":160021184512,"forwardPE":30.264473,"profitMargins":0.045229997,"floatShares":8734732164,"sharesOutstanding":8759870464,"sharesShort":89745925,"sharesShortPriorMonth":75751710,"sharesShortPreviousMonthDate":1606694400,"dateShortInterest":1609372800,"sharesPercentSharesOut":0.010199999,"heldPercentInsiders":0.00244,"heldPercentInstitutions":0.62106,"shortRatio":1.09,"shortPercentOfFloat":0.010299999,"beta":1.074054,"category":null,"bookValue":3.797,"priceToBook":3.0288386,"fundFamily":null,"legalType":null,"lastFiscalYearEnd":1577750400,"nextFiscalYearEnd":1640908800,"mostRecentQuarter":1601424000,"netIncomeToCommon":3512999936,"trailingEps":0.352,"forwardEps":0.38,"pegRatio":-82.84,"lastSplitFactor":"104:100","lastSplitDate":1551139200,"enterpriseToRevenue":1.907,"enterpriseToEbitda":22.207,"52WeekChange":-0.06308609,"SandP52WeekChange":0.17676365,"lastDividendValue":0.01,"lastDividendDate":1608249600},"summaryProfile":{"address1":"5 Necco Street","city":"Boston","state":"MA","zip":"02210","country":"United States","phone":"617-443-3000","website":"http:\/\/www.ge.com","industry":"Specialty Industrial Machinery","sector":"Industrials","longBusinessSummary":"General Electric Company operates as a high-tech industrial company in the United States, Europe, Asia, the Americas, the Middle East, and Africa. It operates through Power, Renewable Energy, Aviation, Healthcare, and Capital segments. The Power segment offers technologies, solutions, and services related to energy production, including gas and steam turbines, generators, and power generation services. The Renewable Energy segment provides wind turbine platforms, and hardware and software; offshore wind turbines; solutions, products, and services to hydropower industry; blades for onshore and offshore wind turbines; and high voltage equipment. The Aviation segment provides jet engines and turboprops for commercial and military airframes; maintenance, component repair, and overhaul services, as well as replacement parts; integrated digital components; and additive machines and materials, and engineering services. The Healthcare segment provides healthcare technologies in medical imaging, digital solutions, patient monitoring, and diagnostics; drug discovery; biopharmaceutical manufacturing technologies; and performance enhancement solutions to hospitals, medical facilities, pharmaceutical and biotechnology companies, and life science research markets. The Capital segment leases and finances aircraft, aircraft engines, and helicopters; provides financial and underwriting solutions; and manages its run-off insurance operations which provides life and health insurance and reinsurance products. The company was founded in 1892 and is headquartered in Boston, Massachusetts.","fullTimeEmployees":189400,"companyOfficers":[],"maxAge":86400},"financialData":{"maxAge":86400,"currentPrice":11.5005,"targetHighPrice":14,"targetLowPrice":7,"targetMeanPrice":11.75,"targetMedianPrice":12,"recommendationMean":2,"recommendationKey":"buy","numberOfAnalystOpinions":16,"totalCash":21237000192,"totalCashPerShare":2.424,"ebitda":7206000128,"totalDebt":82405998592,"quickRatio":1.707,"currentRatio":2.363,"totalRevenue":83927998464,"debtToEquity":236.846,"revenuePerShare":9.597,"returnOnAssets":0.00283,"returnOnEquity":0.12376001,"grossProfits":18813000000,"freeCashflow":10699875328,"operatingCashflow":6702000128,"revenueGrowth":-0.169,"grossMargins":0.15487,"ebitdaMargins":0.08586001,"operatingMargins":0.01396,"profitMargins":0.045229997,"financialCurrency":"USD"},"virtual":{"symbol":"GE","name":"General Electric Company","lastUpdated":1611677077}}