{"summaryDetail":{"maxAge":1,"priceHint":2,"previousClose":1899.4,"open":1888.84,"dayLow":1884.245,"dayHigh":1920.68,"regularMarketPreviousClose":1899.4,"regularMarketOpen":1888.84,"regularMarketDayLow":1884.245,"regularMarketDayHigh":1920.68,"payoutRatio":0,"beta":0.994747,"trailingPE":36.97693,"forwardPE":31.035192,"volume":446596,"regularMarketVolume":446596,"averageVolume":1667543,"averageVolume10days":1897540,"averageDailyVolume10Day":1897540,"bid":1918.93,"ask":1917.89,"bidSize":900,"askSize":1200,"marketCap":1292641763328,"fiftyTwoWeekLow":1013.536,"fiftyTwoWeekHigh":1934.86,"priceToSalesTrailing12Months":7.528315,"fiftyDayAverage":1776.4158,"twoHundredDayAverage":1632.5707,"currency":"USD","fromCurrency":null,"toCurrency":null,"lastMarket":null,"algorithm":null,"tradeable":false},"defaultKeyStatistics":{"maxAge":1,"priceHint":2,"enterpriseValue":1179750105088,"forwardPE":31.035192,"profitMargins":0.20798999,"floatShares":609514185,"sharesOutstanding":329867008,"sharesShort":1787813,"sharesShortPriorMonth":2366772,"sharesShortPreviousMonthDate":1606694400,"dateShortInterest":1609372800,"sharesPercentSharesOut":0.0026,"heldPercentInsiders":0.058579996,"heldPercentInstitutions":0.68096,"shortRatio":1.24,"beta":0.994747,"impliedSharesOutstanding":676425984,"category":null,"bookValue":314.169,"priceToBook":6.0910845,"fundFamily":null,"legalType":null,"lastFiscalYearEnd":1577750400,"nextFiscalYearEnd":1640908800,"mostRecentQuarter":1601424000,"earningsQuarterlyGrowth":0.591,"netIncomeToCommon":35712999424,"trailingEps":51.752,"forwardEps":61.66,"pegRatio":2.16,"lastSplitFactor":"10000000:10000000","lastSplitDate":1430092800,"enterpriseToRevenue":6.871,"enterpriseToEbitda":24.54,"52WeekChange":0.3076223,"SandP52WeekChange":0.17676365},"summaryProfile":{"address1":"1600 Amphitheatre Parkway","city":"Mountain View","state":"CA","zip":"94043","country":"United States","phone":"650-253-0000","website":"http:\/\/www.abc.xyz","industry":"Internet Content & Information","sector":"Communication Services","longBusinessSummary":"Alphabet Inc. provides online advertising services in the United States, Europe, the Middle East, Africa, the Asia-Pacific, Canada, and Latin America. It offers performance and brand advertising services. The company operates through Google and Other Bets segments. The Google segment offers products, such as Ads, Android, Chrome, Google Cloud, Google Maps, Google Play, Hardware, Search, and YouTube, as well as technical infrastructure. It also offers digital content, cloud services, hardware devices, and other miscellaneous products and services. The Other Bets segment includes businesses, including Access, Calico, CapitalG, GV, Verily, Waymo, and X, as well as Internet and television services. The company has an agreement with Sabre Corporation to develop an artificial intelligence-driven technology platform for travel. Alphabet Inc. was founded in 1998 and is headquartered in Mountain View, California.","fullTimeEmployees":132121,"companyOfficers":[],"maxAge":86400},"financialData":{"maxAge":86400,"currentPrice":1913.63,"targetHighPrice":2250,"targetLowPrice":1420,"targetMeanPrice":1901.67,"targetMedianPrice":1885,"recommendationMean":1.5,"recommendationKey":"strong_buy","numberOfAnalystOpinions":12,"totalCash":132595998720,"totalCashPerShare":196.024,"ebitda":48075001856,"totalDebt":27541999616,"quickRatio":3.28,"currentRatio":3.41,"totalRevenue":171703992320,"debtToEquity":12.935,"revenuePerShare":250.985,"returnOnAssets":0.07745,"returnOnEquity":0.17511,"grossProfits":89961000000,"freeCashflow":28147499008,"operatingCashflow":56874000384,"earningsGrowth":0.62,"revenueGrowth":0.14,"grossMargins":0.53599,"ebitdaMargins":0.27999002,"operatingMargins":0.2029,"profitMargins":0.20798999,"financialCurrency":"USD"},"virtual":{"symbol":"GOOG","name":"Alphabet Inc.","lastUpdated":1611677076}}