{"history":{"symbol":"GOOG","response":[{"meta":{"currency":"USD","symbol":"GOOG","exchangeName":"NMS","instrumentType":"EQUITY","firstTradeDate":1092922200,"regularMarketTime":1611677277,"gmtoffset":-18000,"timezone":"EST","exchangeTimezoneName":"America\/New_York","regularMarketPrice":1913.63,"chartPreviousClose":1466.71,"priceHint":2,"currentTradingPeriod":{"pre":{"timezone":"EST","start":1611651600,"end":1611671400,"gmtoffset":-18000},"regular":{"timezone":"EST","start":1611671400,"end":1611694800,"gmtoffset":-18000},"post":{"timezone":"EST","start":1611694800,"end":1611709200,"gmtoffset":-18000}},"dataGranularity":"1mo","range":"1y","validRanges":["1d","5d","1mo","3mo","6mo","1y","2y","5y","10y","ytd","max"]},"timestamp":[1580533200,1583038800,1585713600,1588305600,1590984000,1593576000,1596254400,1598932800,1601524800,1604203200,1606798800,1609477200,1611677277],"indicators":{"quote":[{"close":[1339.33,1162.81,1348.66,1428.92,1413.61,1482.96,1634.18,1469.6,1621.01,1760.74,1751.88,1899.4,1913.63]}]}}]},"virtual":{"symbol":"GOOG","name":"Alphabet Inc.","lastUpdated":1611677074}}