{"quote":{"language":"en-US","region":"US","quoteType":"EQUITY","quoteSourceName":"Nasdaq Real Time Price","triggerable":true,"currency":"USD","marketState":"REGULAR","exchange":"NMS","shortName":"Alphabet Inc.","exchangeTimezoneName":"America\/New_York","exchangeTimezoneShortName":"EST","gmtOffSetMilliseconds":-18000000,"market":"us_market","esgPopulated":false,"fiftyTwoWeekHighChangePercent":-0.01097236,"fiftyTwoWeekLow":1013.536,"fiftyTwoWeekHigh":1934.86,"sourceInterval":15,"exchangeDataDelayedBy":0,"tradeable":false,"firstTradeDateMilliseconds":1092922200000,"priceHint":2,"regularMarketChange":14.22998,"regularMarketChangePercent":0.74918294,"regularMarketTime":1611677277,"regularMarketPrice":1913.63,"regularMarketDayHigh":1920.68,"regularMarketDayRange":"1884.245 - 1920.68","regularMarketDayLow":1884.245,"regularMarketVolume":446596,"regularMarketPreviousClose":1899.4,"bid":1918.93,"ask":1917.89,"fullExchangeName":"NasdaqGS","regularMarketOpen":1888.84,"averageDailyVolume3Month":1667543,"fiftyTwoWeekLowChange":900.094,"fiftyTwoWeekLowChangePercent":0.888073,"fiftyTwoWeekRange":"1013.536 - 1934.86","fiftyTwoWeekHighChange":-21.22998,"symbol":"GOOG"},"virtual":{"symbol":"GOOG","name":"Alphabet Inc.","lastUpdated":1611677075}}