{"quote":{"language":"en-US","region":"US","quoteType":"EQUITY","quoteSourceName":"Nasdaq Real Time Price","triggerable":true,"currency":"USD","marketState":"REGULAR","exchange":"NMS","shortName":"Information Services Group, Inc","exchangeTimezoneName":"America\/New_York","exchangeTimezoneShortName":"EST","gmtOffSetMilliseconds":-18000000,"market":"us_market","esgPopulated":false,"fiftyTwoWeekHighChangePercent":-0.13180052,"fiftyTwoWeekLow":1.61,"fiftyTwoWeekHigh":4.11,"sourceInterval":15,"exchangeDataDelayedBy":0,"tradeable":false,"firstTradeDateMilliseconds":1171290600000,"priceHint":4,"regularMarketChange":-0.011699915,"regularMarketChangePercent":-0.32681328,"regularMarketTime":1611677034,"regularMarketPrice":3.5683,"regularMarketDayHigh":3.645,"regularMarketDayRange":"3.53 - 3.645","regularMarketDayLow":3.53,"regularMarketVolume":40272,"regularMarketPreviousClose":3.58,"bid":3.59,"ask":3.61,"fullExchangeName":"NasdaqGS","regularMarketOpen":3.6,"averageDailyVolume3Month":171162,"fiftyTwoWeekLowChange":1.9583,"fiftyTwoWeekLowChangePercent":1.2163354,"fiftyTwoWeekRange":"1.61 - 4.11","fiftyTwoWeekHighChange":-0.5417001,"symbol":"III"},"virtual":{"symbol":"III","name":"Information Services Group, Inc","lastUpdated":1611677075}}