{"summaryDetail":{"maxAge":1,"priceHint":4,"previousClose":3.58,"open":3.6,"dayLow":3.53,"dayHigh":3.645,"regularMarketPreviousClose":3.58,"regularMarketOpen":3.6,"regularMarketDayLow":3.53,"regularMarketDayHigh":3.645,"trailingPE":60.47966,"forwardPE":15.514348,"volume":40272,"regularMarketVolume":40272,"averageVolume":171162,"averageVolume10days":194840,"averageDailyVolume10Day":194840,"bid":3.59,"ask":3.61,"bidSize":1300,"askSize":2200,"marketCap":171565648,"fiftyTwoWeekLow":1.61,"fiftyTwoWeekHigh":4.11,"fiftyDayAverage":3.3839395,"twoHundredDayAverage":2.519124,"currency":"USD","fromCurrency":null,"toCurrency":null,"lastMarket":null,"algorithm":null,"tradeable":false},"financialData":{"maxAge":86400,"currentPrice":3.5683,"targetHighPrice":6,"targetLowPrice":5,"targetMeanPrice":5.5,"targetMedianPrice":5.5,"recommendationMean":2.5,"recommendationKey":"buy","numberOfAnalystOpinions":2,"grossProfits":112584000,"financialCurrency":"USD"},"virtual":{"symbol":"III","name":"III","lastUpdated":1611677075}}