{"quote":{"language":"en-US","region":"US","quoteType":"EQUITY","quoteSourceName":"Nasdaq Real Time Price","triggerable":true,"currency":"USD","marketState":"REGULAR","exchange":"NYQ","shortName":"JP Morgan Chase & Co.","exchangeTimezoneName":"America\/New_York","exchangeTimezoneShortName":"EST","gmtOffSetMilliseconds":-18000000,"market":"us_market","esgPopulated":false,"fiftyTwoWeekHighChangePercent":-0.075516626,"fiftyTwoWeekLow":76.91,"fiftyTwoWeekHigh":142.75,"sourceInterval":15,"exchangeDataDelayedBy":0,"tradeable":false,"firstTradeDateMilliseconds":322151400000,"priceHint":2,"regularMarketChange":-0.1499939,"regularMarketChangePercent":-0.113528535,"regularMarketTime":1611677277,"regularMarketPrice":131.97,"regularMarketDayHigh":133.16,"regularMarketDayRange":"131.69 - 133.16","regularMarketDayLow":131.69,"regularMarketVolume":4349367,"regularMarketPreviousClose":132.12,"bid":132.37,"ask":132.53,"fullExchangeName":"NYSE","regularMarketOpen":132.75,"averageDailyVolume3Month":15123590,"fiftyTwoWeekLowChange":55.059998,"fiftyTwoWeekLowChangePercent":0.7159016,"fiftyTwoWeekRange":"76.91 - 142.75","fiftyTwoWeekHighChange":-10.779999,"symbol":"JPM"},"virtual":{"symbol":"JPM","name":"JP Morgan Chase & Co.","lastUpdated":1611677075}}