{"summaryDetail":{"maxAge":1,"priceHint":2,"previousClose":132.12,"open":132.75,"dayLow":131.69,"dayHigh":133.16,"regularMarketPreviousClose":132.12,"regularMarketOpen":132.75,"regularMarketDayLow":131.69,"regularMarketDayHigh":133.16,"dividendRate":3.6,"dividendYield":0.0272,"exDividendDate":1609804800,"payoutRatio":0.4054,"fiveYearAvgDividendYield":2.59,"beta":1.221113,"trailingPE":14.861486,"forwardPE":11.658128,"volume":4349367,"regularMarketVolume":4349367,"averageVolume":15123590,"averageVolume10days":15286260,"averageDailyVolume10Day":15286260,"bid":132.37,"ask":132.53,"bidSize":900,"askSize":800,"marketCap":402429345792,"fiftyTwoWeekLow":76.91,"fiftyTwoWeekHigh":142.75,"priceToSalesTrailing12Months":3.9429505,"fiftyDayAverage":128.13727,"twoHundredDayAverage":108.82321,"trailingAnnualDividendRate":3.6,"trailingAnnualDividendYield":0.027247956,"currency":"USD","fromCurrency":null,"toCurrency":null,"lastMarket":null,"algorithm":null,"tradeable":false},"defaultKeyStatistics":{"maxAge":1,"priceHint":2,"enterpriseValue":-263766278144,"forwardPE":11.658128,"profitMargins":0.28542,"floatShares":3022443304,"sharesOutstanding":3049400064,"sharesShort":19745117,"sharesShortPriorMonth":26667698,"sharesShortPreviousMonthDate":1606694400,"dateShortInterest":1609372800,"sharesPercentSharesOut":0.0064999997,"heldPercentInsiders":0.00854,"heldPercentInstitutions":0.71933,"shortRatio":1.57,"shortPercentOfFloat":0.0064999997,"beta":1.221113,"category":null,"bookValue":81.751,"priceToBook":1.6142923,"fundFamily":null,"legalType":null,"lastFiscalYearEnd":1609372800,"nextFiscalYearEnd":1672444800,"mostRecentQuarter":1609372800,"earningsQuarterlyGrowth":0.424,"netIncomeToCommon":27409999872,"trailingEps":8.88,"forwardEps":11.32,"pegRatio":10.15,"lastSplitFactor":"3:2","lastSplitDate":960768000,"enterpriseToRevenue":-2.584,"52WeekChange":-0.017183661,"SandP52WeekChange":0.17676365,"lastDividendValue":0.9,"lastDividendDate":1609804800},"summaryProfile":{"address1":"383 Madison Avenue","city":"New York","state":"NY","zip":"10179","country":"United States","phone":"212-270-6000","website":"http:\/\/www.jpmorganchase.com","industry":"Banks\u2014Diversified","sector":"Financial Services","longBusinessSummary":"JPMorgan Chase & Co. operates as a financial services company worldwide. It operates in four segments: Consumer & Community Banking (CCB), Corporate & Investment Bank (CIB), Commercial Banking (CB), and Asset & Wealth Management (AWM). The CCB segment offers deposit and investment products and services to consumers; lending, deposit, and cash management and payment solutions to small businesses; mortgage origination and servicing activities; residential mortgages and home equity loans; and credit card, payment processing, auto loan, and leasing services. The CIB segment provides investment banking products and services, including corporate strategy and structure advisory, and equity and debt markets capital-raising services, as well as loan origination and syndication; cash management and liquidity solutions; and cash securities and derivative instruments, risk management solutions, prime brokerage, and research. This segment also offers securities services, including custody, fund accounting and administration, and securities lending products for asset managers, insurance companies, and public and private investment funds. The CB segment provides financial solutions, including lending, treasury, investment banking, and asset management to small business, large and midsized corporations, local governments, and nonprofit clients; and commercial real estate banking services to investors, developers, and owners of multifamily, as well as to office, retail, industrial, and affordable housing properties. The AWM segment offers investment and wealth management services across equities, fixed income, alternatives, and money market fund asset classes; multi-asset investment management services; retirement products and services; and brokerage and banking services. The company also provides ATM, online and mobile, and telephone banking services. The company was founded in 1799 and is headquartered in New York, New York.","fullTimeEmployees":255351,"companyOfficers":[],"maxAge":86400},"financialData":{"maxAge":86400,"currentPrice":131.97,"targetHighPrice":172,"targetLowPrice":95,"targetMeanPrice":146.28,"targetMedianPrice":150,"recommendationMean":2.2,"recommendationKey":"buy","numberOfAnalystOpinions":25,"totalCash":1327019065344,"totalCashPerShare":435.174,"totalDebt":630303031296,"totalRevenue":102062997504,"revenuePerShare":33.112,"returnOnAssets":0.00959,"returnOnEquity":0.10776,"grossProfits":102063000000,"earningsGrowth":0.477,"revenueGrowth":0.156,"grossMargins":0,"ebitdaMargins":0,"operatingMargins":0.35769,"profitMargins":0.28542,"financialCurrency":"USD"},"virtual":{"symbol":"JPM","name":"JPMorgan Chase & Co.","lastUpdated":1611677077}}