{"history":{"symbol":"MSFT","response":[{"meta":{"currency":"USD","symbol":"MSFT","exchangeName":"NMS","instrumentType":"EQUITY","firstTradeDate":511108200,"regularMarketTime":1611677282,"gmtoffset":-18000,"timezone":"EST","exchangeTimezoneName":"America\/New_York","regularMarketPrice":232.78,"chartPreviousClose":165.04,"priceHint":2,"currentTradingPeriod":{"pre":{"timezone":"EST","start":1611651600,"end":1611671400,"gmtoffset":-18000},"regular":{"timezone":"EST","start":1611671400,"end":1611694800,"gmtoffset":-18000},"post":{"timezone":"EST","start":1611694800,"end":1611709200,"gmtoffset":-18000}},"dataGranularity":"1mo","range":"1y","validRanges":["1d","5d","1mo","3mo","6mo","1y","2y","5y","10y","ytd","max"]},"timestamp":[1580533200,1583038800,1585713600,1588305600,1590984000,1593576000,1596254400,1598932800,1601524800,1604203200,1606798800,1609477200,1611677282],"indicators":{"quote":[{"close":[162.01,157.71,179.21,183.25,203.51,205.01,225.53,210.33,202.47,214.07,222.42,229.53,232.78]}]}}]},"virtual":{"symbol":"MSFT","name":"Microsoft Corporation","lastUpdated":1611677074}}