{"summaryDetail":{"maxAge":1,"priceHint":2,"previousClose":229.53,"open":231.86,"dayLow":230.08,"dayHigh":234.18,"regularMarketPreviousClose":229.53,"regularMarketOpen":231.86,"regularMarketDayLow":230.08,"regularMarketDayHigh":234.18,"dividendRate":2.24,"dividendYield":0.0098,"exDividendDate":1613520000,"payoutRatio":0.32900003,"fiveYearAvgDividendYield":1.74,"beta":0.826155,"trailingPE":37.55122,"forwardPE":31.120321,"volume":14543988,"regularMarketVolume":14543988,"averageVolume":29016974,"averageVolume10days":32458720,"averageDailyVolume10Day":32458720,"bid":234.03,"ask":234.08,"bidSize":900,"askSize":1000,"marketCap":1759933235200,"fiftyTwoWeekLow":132.52,"fiftyTwoWeekHigh":234.18,"priceToSalesTrailing12Months":11.9630575,"fiftyDayAverage":218.6794,"twoHundredDayAverage":213.34343,"trailingAnnualDividendRate":2.09,"trailingAnnualDividendYield":0.009105563,"currency":"USD","fromCurrency":null,"toCurrency":null,"lastMarket":null,"algorithm":null,"tradeable":false},"defaultKeyStatistics":{"maxAge":1,"priceHint":2,"enterpriseValue":1680627597312,"forwardPE":31.120321,"profitMargins":0.32285,"floatShares":7449961518,"sharesOutstanding":7560500224,"sharesShort":39201229,"sharesShortPriorMonth":39002778,"sharesShortPreviousMonthDate":1606694400,"dateShortInterest":1609372800,"sharesPercentSharesOut":0.0052,"heldPercentInsiders":0.00059,"heldPercentInstitutions":0.71844,"shortRatio":1.44,"shortPercentOfFloat":0.0052,"beta":0.826155,"category":null,"bookValue":16.313,"priceToBook":14.269601,"fundFamily":null,"legalType":null,"lastFiscalYearEnd":1593475200,"nextFiscalYearEnd":1656547200,"mostRecentQuarter":1601424000,"earningsQuarterlyGrowth":0.301,"netIncomeToCommon":47495999488,"trailingEps":6.199,"forwardEps":7.48,"pegRatio":2.28,"lastSplitFactor":"2:1","lastSplitDate":1045526400,"enterpriseToRevenue":11.424,"enterpriseToEbitda":24.67,"52WeekChange":0.38722348,"SandP52WeekChange":0.17676365,"lastDividendValue":0.56,"lastDividendDate":1605657600},"summaryProfile":{"address1":"One Microsoft Way","city":"Redmond","state":"WA","zip":"98052-6399","country":"United States","phone":"425-882-8080","website":"http:\/\/www.microsoft.com","industry":"Software\u2014Infrastructure","sector":"Technology","longBusinessSummary":"Microsoft Corporation develops, licenses, and supports software, services, devices, and solutions worldwide. Its Productivity and Business Processes segment offers Office, Exchange, SharePoint, Microsoft Teams, Office 365 Security and Compliance, and Skype for Business, as well as related Client Access Licenses (CAL); Skype, Outlook.com, OneDrive, and LinkedIn; and Dynamics 365, a set of cloud-based and on-premises business solutions for small and medium businesses, large organizations, and divisions of enterprises. Its Intelligent Cloud segment licenses SQL and Windows Servers, Visual Studio, System Center, and related CALs; GitHub that provides a collaboration platform and code hosting service for developers; and Azure, a cloud platform. It also offers support services and Microsoft consulting services to assist customers in developing, deploying, and managing Microsoft server and desktop solutions; and training and certification to developers and IT professionals on various Microsoft products. Its More Personal Computing segment provides Windows original equipment manufacturer (OEM) licensing and other non-volume licensing of the Windows operating system; Windows Commercial, such as volume licensing of the Windows operating system, Windows cloud services, and other Windows commercial offerings; patent licensing; Windows Internet of Things; and MSN advertising. It also offers Surface, PC accessories, PCs, tablets, gaming and entertainment consoles, and other devices; Gaming, including Xbox hardware, and Xbox content and services; video games and third-party video game royalties; and Search, including Bing and Microsoft advertising. It sells its products through OEMs, distributors, and resellers; and directly through digital marketplaces, online stores, and retail stores. It has a strategic collaboration with DXC Technology. The company was founded in 1975 and is headquartered in Redmond, Washington.","fullTimeEmployees":163000,"companyOfficers":[],"maxAge":86400},"financialData":{"maxAge":86400,"currentPrice":232.78,"targetHighPrice":285,"targetLowPrice":169.49,"targetMeanPrice":244.25,"targetMedianPrice":247,"recommendationMean":1.6,"recommendationKey":"buy","numberOfAnalystOpinions":32,"totalCash":137949003776,"totalCashPerShare":18.246,"ebitda":68123000832,"totalDebt":83215998976,"quickRatio":2.295,"currentRatio":2.528,"totalRevenue":147114000384,"debtToEquity":67.44,"revenuePerShare":19.375,"returnOnAssets":0.121020004,"returnOnEquity":0.41399,"grossProfits":96937000000,"freeCashflow":32232249344,"operatingCashflow":66191998976,"earningsGrowth":0.319,"revenueGrowth":0.124,"grossMargins":0.68273,"ebitdaMargins":0.46306,"operatingMargins":0.38167,"profitMargins":0.32285,"financialCurrency":"USD"},"virtual":{"symbol":"MSFT","name":"Microsoft Corporation","lastUpdated":1611677076}}