{"quote":{"language":"en-US","region":"US","quoteType":"EQUITY","quoteSourceName":"Nasdaq Real Time Price","triggerable":true,"currency":"USD","marketState":"REGULAR","exchange":"NMS","shortName":"Microsoft Corporation","exchangeTimezoneName":"America\/New_York","exchangeTimezoneShortName":"EST","gmtOffSetMilliseconds":-18000000,"market":"us_market","esgPopulated":false,"fiftyTwoWeekHighChangePercent":-0.0059782816,"fiftyTwoWeekLow":132.52,"fiftyTwoWeekHigh":234.18,"sourceInterval":15,"exchangeDataDelayedBy":0,"tradeable":false,"firstTradeDateMilliseconds":511108200000,"priceHint":2,"regularMarketChange":3.25,"regularMarketChangePercent":1.415937,"regularMarketTime":1611677282,"regularMarketPrice":232.78,"regularMarketDayHigh":234.18,"regularMarketDayRange":"230.08 - 234.18","regularMarketDayLow":230.08,"regularMarketVolume":14543988,"regularMarketPreviousClose":229.53,"bid":234.03,"ask":234.08,"fullExchangeName":"NasdaqGS","regularMarketOpen":231.86,"averageDailyVolume3Month":29016974,"fiftyTwoWeekLowChange":100.259995,"fiftyTwoWeekLowChangePercent":0.756565,"fiftyTwoWeekRange":"132.52 - 234.18","fiftyTwoWeekHighChange":-1.3999939,"symbol":"MSFT"},"virtual":{"symbol":"MSFT","name":"Microsoft Corporation","lastUpdated":1611677075}}