{"summaryDetail":{"maxAge":1,"priceHint":2,"previousClose":243.8,"open":244.7,"dayLow":244,"dayHigh":248.7,"regularMarketPreviousClose":243.8,"regularMarketOpen":244.7,"regularMarketDayLow":244,"regularMarketDayHigh":248.7,"dividendRate":0.1,"dividendYield":0.0401,"exDividendDate":1613347200,"payoutRatio":0.86480004,"beta":0.350357,"trailingPE":21.619469,"forwardPE":0.14602512,"volume":14415507,"regularMarketVolume":14415507,"averageVolume":25602743,"averageVolume10days":17919549,"averageDailyVolume10Day":17919549,"bid":244.3,"ask":244.4,"bidSize":0,"askSize":0,"marketCap":23925520384,"fiftyTwoWeekLow":2.366,"fiftyTwoWeekHigh":332.67,"priceToSalesTrailing12Months":0.36827755,"fiftyDayAverage":220.50508,"twoHundredDayAverage":219.83266,"trailingAnnualDividendRate":0.097,"trailingAnnualDividendYield":0.00039786712,"currency":"GBp","fromCurrency":null,"toCurrency":null,"lastMarket":null,"algorithm":null,"tradeable":false},"defaultKeyStatistics":{"maxAge":1,"priceHint":2,"enterpriseValue":37744873472,"profitMargins":0.01704,"floatShares":9504200160,"sharesOutstanding":9793500160,"heldPercentInsiders":0.02257,"heldPercentInstitutions":0.63355,"beta":0.350357,"category":null,"bookValue":1.253,"priceToBook":194.97206,"fundFamily":null,"legalType":null,"lastFiscalYearEnd":1582934400,"nextFiscalYearEnd":1646092800,"mostRecentQuarter":1598659200,"earningsQuarterlyGrowth":0.42,"netIncomeToCommon":1030000000,"trailingEps":11.3,"forwardEps":16.73,"lastSplitFactor":"3:1","lastSplitDate":899683200,"enterpriseToRevenue":0.581,"enterpriseToEbitda":9.357,"52WeekChange":-0.008943081,"SandP52WeekChange":0.17676365,"lastDividendValue":3.2,"lastDividendDate":1602720000},"summaryProfile":{"address1":"Tesco House","address2":"Shire Park Kestrel Way","city":"Welwyn Garden City","zip":"AL7 1GA","country":"United Kingdom","phone":"44 19 9263 2222","website":"http:\/\/www.tescoplc.com","industry":"Grocery Stores","sector":"Consumer Defensive","longBusinessSummary":"Tesco PLC, together with its subsidiaries, operates as a grocery retailer. The company operates through convenience and hypermarket store formats, as well as engages in the wholesale business. It also provides retail banking and insurance services. The company operates in the United Kingdom, the Republic of Ireland, the Czech Republic, Hungary, Poland, Slovakia, Malaysia, and Thailand. The company serves its customers through stores, as well as online. Tesco PLC was founded in 1919 and is headquartered in Welwyn Garden City, the United Kingdom.","fullTimeEmployees":405506,"companyOfficers":[],"maxAge":86400},"financialData":{"maxAge":86400,"currentPrice":244.3,"targetHighPrice":300,"targetLowPrice":200,"targetMeanPrice":269.93,"targetMedianPrice":280,"recommendationKey":"none","numberOfAnalystOpinions":14,"totalCash":2568000000,"totalCashPerShare":0.264,"ebitda":4033999872,"totalDebt":16574000128,"quickRatio":0.503,"currentRatio":0.922,"totalRevenue":64966000640,"debtToEquity":135.886,"revenuePerShare":6.677,"returnOnAssets":0.033269998,"returnOnEquity":0.07928,"grossProfits":4260000000,"freeCashflow":-721625024,"operatingCashflow":326000000,"earningsGrowth":0.42,"revenueGrowth":0.007,"grossMargins":0.06342,"ebitdaMargins":0.062090002,"operatingMargins":0.04478,"profitMargins":0.01704,"financialCurrency":"GBP"},"virtual":{"symbol":"TSCO.L","name":"Tesco PLC","lastUpdated":1611677077}}