{"quote":{"language":"en-US","region":"US","quoteType":"EQUITY","quoteSourceName":"Delayed Quote","triggerable":false,"currency":"GBp","marketState":"REGULAR","exchange":"LSE","shortName":"TESCO PLC ORD 5P","exchangeTimezoneName":"Europe\/London","exchangeTimezoneShortName":"GMT","gmtOffSetMilliseconds":0,"market":"gb_market","esgPopulated":false,"fiftyTwoWeekHighChangePercent":-0.26563865,"fiftyTwoWeekLow":2.366,"fiftyTwoWeekHigh":332.67,"sourceInterval":15,"exchangeDataDelayedBy":20,"tradeable":false,"firstTradeDateMilliseconds":583743600000,"priceHint":2,"regularMarketChange":0.5,"regularMarketChangePercent":0.20508613,"regularMarketTime":1611676376,"regularMarketPrice":244.3,"regularMarketDayHigh":248.7,"regularMarketDayRange":"244.0 - 248.7","regularMarketDayLow":244,"regularMarketVolume":14415507,"regularMarketPreviousClose":243.8,"bid":244.3,"ask":244.4,"fullExchangeName":"LSE","regularMarketOpen":244.7,"averageDailyVolume3Month":25602743,"fiftyTwoWeekLowChange":241.934,"fiftyTwoWeekLowChangePercent":102.25444,"fiftyTwoWeekRange":"2.366 - 332.67","fiftyTwoWeekHighChange":-88.37001,"symbol":"TSCO.L"},"virtual":{"symbol":"TSCO.L","name":"TESCO PLC ORD 5P","lastUpdated":1611677075}}