{"summaryDetail":{"maxAge":1,"priceHint":2,"previousClose":880.8,"open":891.38,"dayLow":871.6,"dayHigh":895.9,"regularMarketPreviousClose":880.8,"regularMarketOpen":891.38,"regularMarketDayLow":871.6,"regularMarketDayHigh":895.9,"payoutRatio":0,"beta":2.190651,"trailingPE":1696.5201,"forwardPE":213.80241,"volume":10804684,"regularMarketVolume":10804684,"averageVolume":43786937,"averageVolume10days":26546960,"averageDailyVolume10Day":26546960,"bid":883.43,"ask":883.94,"bidSize":1800,"askSize":900,"marketCap":841053634560,"fiftyTwoWeekLow":70.102,"fiftyTwoWeekHigh":900.4,"priceToSalesTrailing12Months":29.850002,"fiftyDayAverage":729.6533,"twoHundredDayAverage":483.4651,"currency":"USD","fromCurrency":null,"toCurrency":null,"lastMarket":null,"algorithm":null,"tradeable":false},"defaultKeyStatistics":{"maxAge":1,"priceHint":2,"enterpriseValue":837011963904,"forwardPE":213.80241,"profitMargins":0.01973,"floatShares":759562336,"sharesOutstanding":947900992,"sharesShort":60620873,"sharesShortPriorMonth":46499466,"sharesShortPreviousMonthDate":1606694400,"dateShortInterest":1609372800,"sharesPercentSharesOut":0.064,"heldPercentInsiders":0.19985001,"heldPercentInstitutions":0.42529,"shortRatio":1.11,"shortPercentOfFloat":0.0798,"beta":2.190651,"category":null,"bookValue":16.91,"priceToBook":52.47073,"fundFamily":null,"legalType":null,"lastFiscalYearEnd":1577750400,"nextFiscalYearEnd":1640908800,"mostRecentQuarter":1601424000,"earningsQuarterlyGrowth":1.315,"netIncomeToCommon":533000000,"trailingEps":0.523,"forwardEps":4.15,"pegRatio":0.85,"lastSplitFactor":"5:1","lastSplitDate":1598832000,"enterpriseToRevenue":29.707,"enterpriseToEbitda":208.264,"52WeekChange":6.768566,"SandP52WeekChange":0.17676365},"summaryProfile":{"address1":"3500 Deer Creek Road","city":"Palo Alto","state":"CA","zip":"94304","country":"United States","phone":"650-681-5000","website":"http:\/\/www.tesla.com","industry":"Auto Manufacturers","sector":"Consumer Cyclical","longBusinessSummary":"Tesla, Inc. designs, develops, manufactures, leases, and sells electric vehicles, and energy generation and storage systems in the United States, China, Netherlands, Norway, and internationally. The company operates in two segments, Automotive; and Energy Generation and Storage. The Automotive segment offers sedans and sport utility vehicles. It also provides electric powertrain components and systems; and services for electric vehicles through its company-owned service locations, and Tesla mobile service technicians, as well as sells used vehicles. This segment markets and sells its products through a network of company-owned stores and galleries, as well as through its own Website. The Energy Generation and Storage segment offers energy storage products, such as rechargeable lithium-ion battery systems for use in homes, industrial, commercial facilities, and utility grids; and designs, manufactures, installs, maintains, leases, and sells solar energy generation and energy storage products to residential and commercial customers. It also provides vehicle insurance services, as well as renewable energy. The company was formerly known as Tesla Motors, Inc. and changed its name to Tesla, Inc. in February 2017. Tesla, Inc. was founded in 2003 and is headquartered in Palo Alto, California.","fullTimeEmployees":48016,"companyOfficers":[],"maxAge":86400},"financialData":{"maxAge":86400,"currentPrice":887.28,"targetHighPrice":1083,"targetLowPrice":40,"targetMeanPrice":552.34,"targetMedianPrice":510,"recommendationMean":2.8,"recommendationKey":"hold","numberOfAnalystOpinions":29,"totalCash":14531000320,"totalCashPerShare":15.33,"ebitda":4019000064,"totalDebt":15162999808,"quickRatio":1.225,"currentRatio":1.635,"totalRevenue":28175998976,"debtToEquity":86.646,"revenuePerShare":30.668,"returnOnAssets":0.02744,"returnOnEquity":0.05588,"grossProfits":4069000000,"freeCashflow":2361125120,"operatingCashflow":4349000192,"earningsGrowth":0.694,"revenueGrowth":0.392,"grossMargins":0.21135001,"ebitdaMargins":0.14264,"operatingMargins":0.06115,"profitMargins":0.01973,"financialCurrency":"USD"},"virtual":{"symbol":"TSLA","name":"Tesla, Inc.","lastUpdated":1611677076}}