{"quote":{"language":"en-US","region":"US","quoteType":"EQUITY","quoteSourceName":"Nasdaq Real Time Price","triggerable":true,"currency":"USD","marketState":"REGULAR","exchange":"NMS","shortName":"Tesla, Inc.","exchangeTimezoneName":"America\/New_York","exchangeTimezoneShortName":"EST","gmtOffSetMilliseconds":-18000000,"market":"us_market","esgPopulated":false,"fiftyTwoWeekHighChangePercent":-0.014571296,"fiftyTwoWeekLow":70.102,"fiftyTwoWeekHigh":900.4,"sourceInterval":15,"exchangeDataDelayedBy":0,"tradeable":false,"firstTradeDateMilliseconds":1277818200000,"priceHint":2,"regularMarketChange":6.4800415,"regularMarketChangePercent":0.73569953,"regularMarketTime":1611677281,"regularMarketPrice":887.28,"regularMarketDayHigh":895.9,"regularMarketDayRange":"871.6 - 895.9","regularMarketDayLow":871.6,"regularMarketVolume":10804684,"regularMarketPreviousClose":880.8,"bid":883.43,"ask":883.94,"fullExchangeName":"NasdaqGS","regularMarketOpen":891.38,"averageDailyVolume3Month":43786937,"fiftyTwoWeekLowChange":817.17804,"fiftyTwoWeekLowChangePercent":11.656986,"fiftyTwoWeekRange":"70.102 - 900.4","fiftyTwoWeekHighChange":-13.119995,"symbol":"TSLA"},"virtual":{"symbol":"TSLA","name":"Tesla, Inc.","lastUpdated":1611677075}}