{"summaryDetail":{"maxAge":1,"priceHint":2,"previousClose":47.84,"open":48.13,"dayLow":48.02,"dayHigh":52.18,"regularMarketPreviousClose":47.84,"regularMarketOpen":48.13,"regularMarketDayLow":48.02,"regularMarketDayHigh":52.18,"payoutRatio":0,"beta":0.863445,"forwardPE":55.857143,"volume":17314237,"regularMarketVolume":17314237,"averageVolume":17594304,"averageVolume10days":16713160,"averageDailyVolume10Day":16713160,"bid":50.56,"ask":50.67,"bidSize":800,"askSize":1200,"marketCap":40427642880,"fiftyTwoWeekLow":20,"fiftyTwoWeekHigh":56.11,"priceToSalesTrailing12Months":11.770531,"fiftyDayAverage":51.06394,"twoHundredDayAverage":44.145035,"currency":"USD","fromCurrency":null,"toCurrency":null,"lastMarket":null,"algorithm":null,"tradeable":false},"defaultKeyStatistics":{"maxAge":1,"priceHint":2,"enterpriseValue":34621349888,"forwardPE":55.857143,"profitMargins":-0.36073002,"floatShares":773952194,"sharesOutstanding":795350016,"sharesShort":21079970,"sharesShortPriorMonth":24979183,"sharesShortPreviousMonthDate":1606694400,"dateShortInterest":1609372800,"sharesPercentSharesOut":0.026500002,"heldPercentInsiders":0.022650002,"heldPercentInstitutions":0.76355004,"shortRatio":1.93,"shortPercentOfFloat":0.030299999,"beta":0.863445,"category":null,"bookValue":9.858,"priceToBook":5.1562185,"fundFamily":null,"legalType":null,"lastFiscalYearEnd":1577750400,"nextFiscalYearEnd":1640908800,"mostRecentQuarter":1601424000,"earningsQuarterlyGrowth":-0.215,"netIncomeToCommon":-1238968960,"trailingEps":-1.582,"forwardEps":0.91,"pegRatio":3.64,"lastSplitFactor":null,"enterpriseToRevenue":10.08,"enterpriseToEbitda":117.476,"52WeekChange":0.43147826,"SandP52WeekChange":0.17676365},"summaryProfile":{"address1":"1355 Market Street","address2":"Suite 900","city":"San Francisco","state":"CA","zip":"94103","country":"United States","phone":"415-222-9670","website":"http:\/\/www.twitter.com","industry":"Internet Content & Information","sector":"Communication Services","longBusinessSummary":"Twitter, Inc. operates as a platform for public self-expression and conversation in real time United States and internationally. The company offers various products and services, including Twitter, a platform that allows users to consume, create, distribute, and discover content; and Periscope, a mobile application that enables user to broadcast and watch video live with others. It also provides promoted products and services, such as promoted tweets, promoted accounts, and promoted trends, which enable its advertisers to promote their brands, products, and services. In addition, the company offers a set of tools and public application programming interfaces for developers to contribute their content to its platform, syndicate and distribute Twitter content across their properties, and enhance their Websites and applications with Twitter content. Further, it provides subscription access to its public data feed for data partners. Twitter, Inc. was founded in 2006 and is headquartered in San Francisco, California.","fullTimeEmployees":4900,"companyOfficers":[],"maxAge":86400},"financialData":{"maxAge":86400,"currentPrice":50.83,"targetHighPrice":67,"targetLowPrice":19,"targetMeanPrice":47.29,"targetMedianPrice":48,"recommendationMean":2.8,"recommendationKey":"hold","numberOfAnalystOpinions":35,"totalCash":7681047040,"totalCashPerShare":9.682,"ebitda":294710016,"totalDebt":4348554240,"quickRatio":4.356,"currentRatio":4.439,"totalRevenue":3434649088,"debtToEquity":55.664,"revenuePerShare":4.384,"returnOnAssets":-0.00366,"returnOnEquity":-0.1527,"grossProfits":2322288000,"freeCashflow":332307360,"operatingCashflow":939748992,"earningsGrowth":-0.233,"revenueGrowth":0.137,"grossMargins":0.6368,"ebitdaMargins":0.0858,"operatingMargins":-0.02103,"profitMargins":-0.36073002,"financialCurrency":"USD"},"virtual":{"symbol":"TWTR","name":"Twitter, Inc.","lastUpdated":1611677077}}