{"quote":{"language":"en-US","region":"US","quoteType":"EQUITY","quoteSourceName":"Nasdaq Real Time Price","triggerable":true,"currency":"USD","marketState":"REGULAR","exchange":"NYQ","shortName":"Twitter, Inc.","exchangeTimezoneName":"America\/New_York","exchangeTimezoneShortName":"EST","gmtOffSetMilliseconds":-18000000,"market":"us_market","esgPopulated":false,"fiftyTwoWeekHighChangePercent":-0.09410085,"fiftyTwoWeekLow":20,"fiftyTwoWeekHigh":56.11,"sourceInterval":15,"exchangeDataDelayedBy":0,"tradeable":false,"firstTradeDateMilliseconds":1383834600000,"priceHint":2,"regularMarketChange":2.9900017,"regularMarketChangePercent":6.250004,"regularMarketTime":1611677280,"regularMarketPrice":50.83,"regularMarketDayHigh":52.18,"regularMarketDayRange":"48.02 - 52.18","regularMarketDayLow":48.02,"regularMarketVolume":17314237,"regularMarketPreviousClose":47.84,"bid":50.56,"ask":50.67,"fullExchangeName":"NYSE","regularMarketOpen":48.13,"averageDailyVolume3Month":17594304,"fiftyTwoWeekLowChange":30.830002,"fiftyTwoWeekLowChangePercent":1.5415001,"fiftyTwoWeekRange":"20.0 - 56.11","fiftyTwoWeekHighChange":-5.279999,"symbol":"TWTR"},"virtual":{"symbol":"TWTR","name":"Twitter, Inc.","lastUpdated":1611677075}}