{"summaryDetail":{"maxAge":1,"priceHint":2,"previousClose":172.92,"open":172.07,"dayLow":171.3,"dayHigh":174.28,"regularMarketPreviousClose":172.92,"regularMarketOpen":172.07,"regularMarketDayLow":171.3,"regularMarketDayHigh":174.28,"dividendRate":4.08,"dividendYield":0.023599999,"exDividendDate":1611878400,"payoutRatio":0.68050003,"fiveYearAvgDividendYield":2.45,"beta":1.058298,"trailingPE":32.752224,"forwardPE":29.376911,"volume":1438357,"regularMarketVolume":1438357,"averageVolume":4114680,"averageVolume10days":4665840,"averageDailyVolume10Day":4665840,"bid":172.92,"ask":172.89,"bidSize":800,"askSize":900,"marketCap":158831509504,"fiftyTwoWeekLow":93.09,"fiftyTwoWeekHigh":175.47,"priceToSalesTrailing12Months":11.563997,"fiftyDayAverage":166.0603,"twoHundredDayAverage":149.15445,"trailingAnnualDividendRate":3.6,"trailingAnnualDividendYield":0.020818876,"currency":"USD","fromCurrency":null,"toCurrency":null,"lastMarket":null,"algorithm":null,"tradeable":false},"defaultKeyStatistics":{"maxAge":1,"priceHint":2,"enterpriseValue":160009551872,"forwardPE":29.376911,"profitMargins":0.36236,"floatShares":916436705,"sharesOutstanding":917942016,"sharesShort":13334717,"sharesShortPriorMonth":12343713,"sharesShortPreviousMonthDate":1606694400,"dateShortInterest":1609372800,"sharesPercentSharesOut":0.0145000005,"heldPercentInsiders":0.00227,"heldPercentInstitutions":0.86664003,"shortRatio":3.36,"shortPercentOfFloat":0.0145000005,"beta":1.058298,"category":null,"bookValue":9.072,"priceToBook":19.072973,"fundFamily":null,"legalType":null,"lastFiscalYearEnd":1577750400,"nextFiscalYearEnd":1640908800,"mostRecentQuarter":1601424000,"earningsQuarterlyGrowth":-0.051,"netIncomeToCommon":4951000064,"trailingEps":5.283,"forwardEps":5.89,"pegRatio":3.15,"lastSplitFactor":"2:1","lastSplitDate":959040000,"enterpriseToRevenue":11.65,"enterpriseToEbitda":25.096,"52WeekChange":0.35051548,"SandP52WeekChange":0.17676365,"lastDividendValue":1.02,"lastDividendDate":1603929600},"summaryProfile":{"address1":"12500 TI Boulevard","city":"Dallas","state":"TX","zip":"75243","country":"United States","phone":"214 479 3773","website":"http:\/\/www.ti.com","industry":"Semiconductors","sector":"Technology","longBusinessSummary":"Texas Instruments Incorporated designs, manufactures, and sells semiconductors to electronics designers and manufacturers worldwide. It operates in two segments, Analog and Embedded Processing. The Analog segment offers power products to manage power requirements in various levels using battery management solutions, portable components, power supply controls, point-of-load products, switches and interfaces, integrated protection devices, high-voltage products, and mobile lighting and display products. This segment also provides signal chain products that sense, condition, and measure signals to allow information to be transferred or converted for further processing and control for use in end markets, including amplifiers, data converters, interface products, motor drives, clocks, and sensing products.; and high volume products comprising integrated analog and standard products, which are primarily for sale into personal electronics, industrial, and automotive markets. The Embedded Processing segment offers connected microcontrollers, such as microcontrollers, microcontrollers with integrated wireless capabilities, and stand-alone wireless connectivity solutions that are used in electronic equipment; digital signal processors for mathematical computations; and applications processors for specific computing activity. This segment offers products for use in various markets, such as industrial, automotive, Personal electronics, communications equipment, enterprise systems, and calculators and other. The company also provides DLP products primarily for use in projectors to create high-definition images; calculators; and application-specific integrated circuits. Texas Instruments Incorporated markets and sells its semiconductor products through direct sales and distributors, as well as through its website. The company was founded in 1930 and is headquartered in Dallas, Texas.","fullTimeEmployees":29768,"companyOfficers":[],"maxAge":86400},"financialData":{"maxAge":86400,"currentPrice":173.03,"targetHighPrice":201,"targetLowPrice":116,"targetMeanPrice":164.44,"targetMedianPrice":167,"recommendationMean":2.5,"recommendationKey":"buy","numberOfAnalystOpinions":27,"totalCash":5518000128,"totalCashPerShare":6.011,"ebitda":6376000000,"totalDebt":6797000192,"quickRatio":3.162,"currentRatio":4.238,"totalRevenue":13735000064,"debtToEquity":81.646,"revenuePerShare":14.865,"returnOnAssets":0.18471001,"returnOnEquity":0.57504004,"grossProfits":9164000000,"freeCashflow":3954249984,"operatingCashflow":5768000000,"earningsGrowth":-0.028,"revenueGrowth":0.012,"grossMargins":0.63487,"ebitdaMargins":0.46422002,"operatingMargins":0.38944,"profitMargins":0.36236,"financialCurrency":"USD"},"virtual":{"symbol":"TXN","name":"TXN","lastUpdated":1611677075}}