{"quote":{"language":"en-US","region":"US","quoteType":"EQUITY","quoteSourceName":"Nasdaq Real Time Price","triggerable":true,"currency":"USD","marketState":"REGULAR","exchange":"NMS","shortName":"Texas Instruments Incorporated","exchangeTimezoneName":"America\/New_York","exchangeTimezoneShortName":"EST","gmtOffSetMilliseconds":-18000000,"market":"us_market","esgPopulated":false,"fiftyTwoWeekHighChangePercent":-0.013905524,"fiftyTwoWeekLow":93.09,"fiftyTwoWeekHigh":175.47,"sourceInterval":15,"exchangeDataDelayedBy":0,"tradeable":false,"firstTradeDateMilliseconds":76253400000,"priceHint":2,"regularMarketChange":0.11000061,"regularMarketChangePercent":0.063613586,"regularMarketTime":1611677265,"regularMarketPrice":173.03,"regularMarketDayHigh":174.28,"regularMarketDayRange":"171.3 - 174.28","regularMarketDayLow":171.3,"regularMarketVolume":1438357,"regularMarketPreviousClose":172.92,"bid":172.92,"ask":172.89,"fullExchangeName":"NasdaqGS","regularMarketOpen":172.07,"averageDailyVolume3Month":4114680,"fiftyTwoWeekLowChange":79.94,"fiftyTwoWeekLowChangePercent":0.8587389,"fiftyTwoWeekRange":"93.09 - 175.47","fiftyTwoWeekHighChange":-2.4400024,"symbol":"TXN"},"virtual":{"symbol":"TXN","name":"Texas Instruments Incorporated","lastUpdated":1611677075}}