{
  "debug": false,
  "useYql": false,
  "randomServer": true,
  "ajaxMethod": "POST",
  "liveDataFields": {
  "virtual.symbol": {"name": "Symbol"},
  "virtual.name": {"name": "Name"},
  "virtual.lastUpdated": {"name": "Last Updated", "format": "DateTime"},

  "quote.symbol": {"name": "Symbol"},
  "quote.currency": {"name": "Currency"},
  "quote.shortName": {"name": "Name"},
  "quote.fullExchangeName": {"name": "Exchange"},
  "quote.regularMarketPrice": {"name": "Last Price", "format": "Decimal"},
  "quote.regularMarketChange": {"name": "Change", "format": "Decimal"},
  "quote.regularMarketChangePercent": {"name": "% Change", "format": "Percent"},
  "quote.regularMarketDayLow": {"name": "Day Low", "format": "Decimal"},
  "quote.regularMarketDayHigh": {"name": "Day High", "format": "Decimal"},
  "quote.regularMarketVolume": {"name": "Volume", "format": "Int"},
  "quote.fiftyTwoWeekLow": {"name": "52 Week Low", "format": "Decimal"},
  "quote.fiftyTwoWeekHigh": {"name": "52 Week High", "format": "Decimal"},
  "quote.fiftyTwoWeekLowChange": {"name": "Change from 52 Week Low", "format": "Decimal"},
  "quote.fiftyTwoWeekLowChangePercent": {"name": "% Change from 52 Week Low", "format": "Percent"},
  "quote.fiftyTwoWeekHighChange": {"name": "Change from 52 Week High", "format": "Decimal"},
  "quote.fiftyTwoWeekHighChangePercent": {"name": "% Change from 52 Week High", "format": "Percent"},
  "quote.regularMarketOpen": {"name": "Open", "format": "Decimal"},
  "quote.regularMarketPreviousClose": {"name": "Previous Close", "format": "Decimal"},
  "quote.averageDailyVolume3Month": {"name": "Average Daily Volume 3M", "format": "Int"},
  "quote.bid": {"name": "Bid", "format": "Decimal"},
  "quote.ask": {"name": "Ask", "format": "Decimal"},

  "summaryDetail.dayLow": {"name": "Day Low", "format": "Decimal"},
  "summaryDetail.dayHigh": {"name": "Day High", "format": "Decimal"},
  "summaryDetail.dividendRate": {"name": "Dividend Rate", "format": "Decimal"},
  "summaryDetail.dividendYield": {"name": "Dividend Yield", "format": "Percent"},
  "summaryDetail.exDividendDate": {"name": "Ex Dividend Date", "format": "Date"},
  "summaryDetail.payoutRatio": {"name": "Payout Ratio", "format": "Decimal"},
  "summaryDetail.fiveYearAvgDividendYield": {"name": "Five Year Avg Dividend Yield", "format": "Percent"},
  "summaryDetail.beta": {"name": "Beta", "format": "Decimal"},
  "summaryDetail.trailingPE": {"name": "P/E Ratio", "format": "Decimal"},
  "summaryDetail.forwardPE": {"name": "Forward P/E Ratio", "format": "Decimal"},
  "summaryDetail.averageVolume": {"name": "Average Volume", "format": "Int"},
  "summaryDetail.averageVolume10days": {"name": "Average Volume 10 days", "format": "Int"},
  "summaryDetail.averageDailyVolume10Day": {"name": "Average Daily Volume 10 Day", "format": "Int"},
  "summaryDetail.bidSize": {"name": "Bid Size", "format": "Int"},
  "summaryDetail.askSize": {"name": "Ask Size", "format": "Int"},
  "summaryDetail.marketCap": {"name": "Market Cap", "format": "Int"},
  "summaryDetail.priceToSalesTrailing12Months": {"name": "Price To Sales Trailing 12 Months", "format": "Decimal"},
  "summaryDetail.fiftyDayAverage": {"name": "50 Days Moving Average", "format": "Decimal"},
  "summaryDetail.twoHundredDayAverage": {"name": "200 Days Moving Average", "format": "Decimal"},
  "summaryDetail.trailingAnnualDividendRate": {"name": "Trailing Annual Dividend Rate", "format": "Decimal"},
  "summaryDetail.trailingAnnualDividendYield": {"name": "Trailing Annual Dividend Yield", "format": "Percent"},

  "defaultKeyStatistics.enterpriseValue": {"name": "Enterprise Value", "format": "Int"},
  "defaultKeyStatistics.profitMargins": {"name": "Profit Margins", "format": "Decimal"},
  "defaultKeyStatistics.floatShares": {"name": "Float Shares", "format": "Int"},
  "defaultKeyStatistics.sharesOutstanding": {"name": "Shares Outstanding", "format": "Int"},
  "defaultKeyStatistics.sharesShort": {"name": "Shares Short", "format": "Int"},
  "defaultKeyStatistics.sharesShortPriorMonth": {"name": "Shares Short Prior Month", "format": "Int"},
  "defaultKeyStatistics.heldPercentInsiders": {"name": "Held Percent Insiders", "format": "Percent"},
  "defaultKeyStatistics.heldPercentInstitutions": {"name": "Held Percent Institutions", "format": "Percent"},
  "defaultKeyStatistics.shortRatio": {"name": "Short Ratio", "format": "Decimal"},
  "defaultKeyStatistics.shortPercentOfFloat": {"name": "Short Percent Of Float", "format": "Decimal"},
  "defaultKeyStatistics.bookValue": {"name": "Book Value", "format": "Decimal"},
  "defaultKeyStatistics.priceToBook": {"name": "Price To Book", "format": "Decimal"},
  "defaultKeyStatistics.earningsQuarterlyGrowth": {"name": "Earnings Quarterly Growth", "format": "Decimal"},
  "defaultKeyStatistics.netIncomeToCommon": {"name": "Net Income To Common", "format": "Int"},
  "defaultKeyStatistics.trailingEps": {"name": "EPS (TTM)", "format": "Decimal"},
  "defaultKeyStatistics.forwardEps": {"name": "Forward EPS", "format": "Decimal"},
  "defaultKeyStatistics.pegRatio": {"name": "PEG Ratio", "format": "Decimal"},
  "defaultKeyStatistics.lastSplitFactor": {"name": "Last Split Factor"},
  "defaultKeyStatistics.lastSplitDate": {"name": "Last Split Date", "format": "Date"},
  "defaultKeyStatistics.enterpriseToRevenue": {"name": "Enterprise To Revenue", "format": "Decimal"},
  "defaultKeyStatistics.enterpriseToEbitda": {"name": "Enterprise To EBITDA", "format": "Decimal"},

  "summaryProfile.address1": {"name": "Address 1"},
  "summaryProfile.address2": {"name": "Address 2"},
  "summaryProfile.city": {"name": "City"},
  "summaryProfile.state": {"name": "State"},
  "summaryProfile.zip": {"name": "ZIP"},
  "summaryProfile.country": {"name": "Country"},
  "summaryProfile.phone": {"name": "Phone"},
  "summaryProfile.website": {"name": "Website"},
  "summaryProfile.industry": {"name": "Phone"},
  "summaryProfile.Sector": {"name": "Sector"},
  "summaryProfile.longBusinessSummary": {"name": "Business Summary"},
  "summaryProfile.fullTimeEmployees": {"name": "Full Time Employees", "format": "Int"},

  "financialData.targetHighPrice": {"name": "Target High Price", "format": "Decimal"},
  "financialData.targetLowPrice": {"name": "Target Low Price", "format": "Decimal"},
  "financialData.targetMeanPrice": {"name": "Target Mean Price", "format": "Decimal"},
  "financialData.targetMedianPrice": {"name": "Target Median Price", "format": "Decimal"},
  "financialData.recommendationMean": {"name": "Recommendation Mean", "format": "Decimal"},
  "financialData.recommendationKey": {"name": "Recommendation Key"},
  "financialData.numberOfAnalystOpinions": {"name": "Number Of Analyst Opinions", "format": "Int"},
  "financialData.totalCash": {"name": "Total Cash", "format": "Decimal"},
  "financialData.totalCashPerShare": {"name": "Total Cash Per Share", "format": "Decimal"},
  "financialData.ebitda": {"name": "EBITDA", "format": "Decimal"},
  "financialData.totalDebt": {"name": "Total Debt", "format": "Int"},
  "financialData.quickRatio": {"name": "Quick Ratio", "format": "Decimal"},
  "financialData.currentRatio": {"name": "Current Ratio", "format": "Decimal"},
  "financialData.totalRevenue": {"name": "Total Revenue", "format": "Decimal"},
  "financialData.debtToEquity": {"name": "Debt To Equity", "format": "Decimal"},
  "financialData.revenuePerShare": {"name": "Revenue Per Share", "format": "Decimal"},
  "financialData.returnOnAssets": {"name": "Return On Assets", "format": "Decimal"},
  "financialData.returnOnEquity": {"name": "Return On Equity", "format": "Decimal"},
  "financialData.grossProfits": {"name": "Gross Profits", "format": "Int"},
  "financialData.freeCashflow": {"name": "Free Cashflow", "format": "Int"},
  "financialData.operatingCashflow": {"name": "Operating Cashflow", "format": "Int"},
  "financialData.earningsGrowth": {"name": "Earnings Growth", "format": "Decimal"},
  "financialData.revenueGrowth": {"name": "Revenue Growth", "format": "Decimal"},
  "financialData.grossMargins": {"name": "Gross Margins", "format": "Decimal"},
  "financialData.ebitdaMargins": {"name": "EBITDA Margins", "format": "Decimal"},
  "financialData.operatingMargins": {"name": "Operating Margins", "format": "Decimal"},
  "financialData.profitMargins": {"name": "Profit Margins", "format": "Decimal"}
},
  "companies": {},
  "collections": [
    {
      "name": "Stock indices",
      "groups": [
        {
          "name": "Americas",
          "symbols": [
            "^IXIC",
            "^GSPC",
            "^OEX",
            "^NYA",
            "^XAX",
            "^BATSK",
            "^VIX",
            "^RUA",
            "^RUT",
            "^RUI",
            "^RT200",
            "^RSCC",
            "^W5000",
            "^W4500",
            "TX60.TS",
            "^IPSA",
            "^MXX",
            "IBC.CR",
            "^SPBLPGPT",
            "^BVSP",
            "^MERV"
          ]
        },
        {
          "name": "Europe, Middle East & Africa",
          "symbols": [
            "^FTSE",
            "^FTSC",
            "^STOXX50E",
            "^N100",
            "^GDAXI",
            "^FCHI",
            "^AEX",
            "^BFX",
            "^OMX",
            "MICEXINDEXCF.ME",
            "^ISEQ",
            "^OSEAX",
            "FPXAA.PR",
            "^OMXC20",
            "^OMXH25",
            "FTSEMIB.MI",
            "PSI20.LS",
            "^SSMI",
            "^TA100",
            "^OMXIPI",
            "GD.AT"
          ]
        },
        {
          "name": "Asia Pacific",
          "symbols": [
            "^HSI",
            "^KS11",
            "^TWII",
            "^JKSE",
            "^STI",
            "^AXJO",
            "^AORD",
            "^NZ50",
            "PSEI.PS",
            "^KLSE"
          ]
        }
      ]
    },
    {
      "name": "Currencies",
      "groups": [
        {
          "name": "Major pairs",
          "symbols": [
            "EURUSD=X",
            "GBPUSD=X",
            "CAD=X",
            "AUDUSD=X",
            "CHF=X",
            "JPY=X",
            "CNY=X",
            "HKD=X",
            "EURJPY=X",
            "EURGBP=X",
            "EURCHF=X"
          ]
        },
        {
          "name": "Minor pairs",
          "symbols": [
            "SEK=X",
            "NOK=X",
            "TRY=X",
            "RUB=X",
            "BYR=X",
            "UAH=X",
            "KZT=X",
            "BRL=X",
            "MXN=X",
            "INR=X",
            "PHP=X",
            "NZD=X",
            "ISK=X"
          ]
        }
      ]
    },
    {
      "name": "Commodities",
      "groups": [
        {
          "name": "Energy",
          "symbols": [
            "CL=F",
            "HO=F",
            "NG=F",
            "RB=F",
            "BZ=F",
            "B0=F"
          ]
        },
        {
          "name": "Metals",
          "symbols": [
            "GC=F",
            "ZG=F",
            "SI=F",
            "ZI=F",
            "PL=F",
            "HG=F",
            "PA=F"
          ]
        },
        {
          "name": "Agriculture",
          "symbols": [
            "C=F",
            "O=F",
            "RR=F",
            "SM=F",
            "BO=F",
            "S=F",
            "FC=F",
            "LH=F",
            "LC=F",
            "CC=F",
            "KC=F",
            "CT=F",
            "LB=F",
            "OJ=F",
            "SB=F"
          ]
        }
      ]
    },
    {
      "name": "Exchange Traded Funds (ETF)",
      "groups": [
        {
          "name": "Top ETFs",
          "symbols": [
            "GDX",
            "XLF",
            "SPY",
            "EEM",
            "NUGT",
            "USO",
            "UVXY",
            "VXX",
            "UNG",
            "UWTI",
            "IWM",
            "GDXJ",
            "XLP",
            "EWZ",
            "XOP",
            "VWO",
            "DGAZ",
            "XLE",
            "XLU",
            "EFA",
            "UCO",
            "JNK",
            "XLI",
            "AMLP",
            "XLK",
            "HYG",
            "XBI",
            "KRE",
            "RSX",
            "EZU"
          ]
        }
      ]
    },
    {
      "name": "Bonds",
      "groups": [
        {
          "name": "US Treasury",
          "symbols": [
            "^IRX",
            "^FVX",
            "^TNX",
            "^TYX"
          ]
        }
      ]
    },
    {
      "name": "Mutual funds",
      "groups": [
        {
          "name": "Top funds",
          "symbols": [
            "FGDBX",
            "UBPIX",
            "UBPSX",
            "FELIX",
            "FSELX",
            "FELAX",
            "FELTX",
            "FELCX",
            "RGGKX",
            "UOPIX",
            "RYVYX",
            "RYVLX",
            "UOPSX",
            "RYCCX",
            "RYRUX",
            "RYRSX",
            "RYRLX",
            "FDCPX",
            "SCMVX",
            "UNWIX",
            "UNWPX",
            "RYWTX",
            "RYWVX",
            "FSPTX",
            "RYWUX"
          ]
        }
      ]
    }
  ],
  "settings": {
    "numberFormat": {
      "thousandsSeparator": ",",
      "decimalPoint": ".",
      "decimals": "2",
      "currencyDecimals": "4"
    },
    "dateFormat": {
      "format": "M d, Y"
    },
    "dateTimeFormat": {
      "format": "Y-m-d H:i:s"
    }
  }
}